"LOCATION","INDICATOR","SUBJECT","MEASURE","FREQUENCY","TIME","Value","Flag Codes"
"AUS","GDPHRWKDFORECAST","TOT","IDX2015","Q","2015-Q1",0.999471184894282,
"AUS","GDPHRWKDFORECAST","TOT","IDX2015","Q","2015-Q2",0.997507059498336,
"AUS","GDPHRWKDFORECAST","TOT","IDX2015","Q","2015-Q3",1.00411618490306,
"AUS","GDPHRWKDFORECAST","TOT","IDX2015","Q","2015-Q4",0.998904138127241,
"AUS","GDPHRWKDFORECAST","TOT","IDX2015","Q","2016-Q1",1.00396397039975,
"AUS","GDPHRWKDFORECAST","TOT","IDX2015","Q","2016-Q2",1.00894399173193,
"AUS","GDPHRWKDFORECAST","TOT","IDX2015","Q","2016-Q3",1.00878776636428,
"AUS","GDPHRWKDFORECAST","TOT","IDX2015","Q","2016-Q4",1.01648620993244,
"AUS","GDPHRWKDFORECAST","TOT","IDX2015","Q","2017-Q1",1.01351039927486,
"AUS","GDPHRWKDFORECAST","TOT","IDX2015","Q","2017-Q2",1.00903668249762,
"AUS","GDPHRWKDFORECAST","TOT","IDX2015","Q","2017-Q3",1.01036698503503,
"AUS","GDPHRWKDFORECAST","TOT","IDX2015","Q","2017-Q4",1.00974573435326,
"AUS","GDPHRWKDFORECAST","TOT","IDX2015","Q","2018-Q1",1.01160795692095,
"AUS","GDPHRWKDFORECAST","TOT","IDX2015","Q","2018-Q2",1.01416375902728,
"AUS","GDPHRWKDFORECAST","TOT","IDX2015","Q","2018-Q3",1.01239648769082,
"AUS","GDPHRWKDFORECAST","TOT","IDX2015","Q","2018-Q4",1.01114299619478,
"AUS","GDPHRWKDFORECAST","TOT","IDX2015","Q","2019-Q1",1.00890673678889,
"AUS","GDPHRWKDFORECAST","TOT","IDX2015","Q","2019-Q2",1.00602028316317,
"AUS","GDPHRWKDFORECAST","TOT","IDX2015","Q","2019-Q3",1.00659099152689,
"AUS","GDPHRWKDFORECAST","TOT","IDX2015","Q","2019-Q4",1.01330184501606,
"AUS","GDPHRWKDFORECAST","TOT","IDX2015","Q","2020-Q1",1.00368990600952,
"AUS","GDPHRWKDFORECAST","TOT","IDX2015","Q","2020-Q2",0.983424229377571,
"AUS","GDPHRWKDFORECAST","TOT","IDX2015","Q","2020-Q3",0.995393943712514,
"AUS","GDPHRWKDFORECAST","TOT","IDX2015","Q","2020-Q4",1.01165336812446,
"AUS","GDPHRWKDFORECAST","TOT","IDX2015","Q","2021-Q1",1.00780028199639,
"AUS","GDPHRWKDFORECAST","TOT","IDX2015","Q","2021-Q2",1.0134760244119,
"AUS","GDPHRWKDFORECAST","TOT","IDX2015","Q","2021-Q3",1.01827985697359,
"AUS","GDPHRWKDFORECAST","TOT","IDX2015","Q","2021-Q4",1.02245099731491,
"BEL","GDPHRWKDFORECAST","TOT","IDX2015","Q","2015-Q1",0.997138392282655,
"BEL","GDPHRWKDFORECAST","TOT","IDX2015","Q","2015-Q2",1.0012029604331,
"BEL","GDPHRWKDFORECAST","TOT","IDX2015","Q","2015-Q3",1.00001426800837,
"BEL","GDPHRWKDFORECAST","TOT","IDX2015","Q","2015-Q4",1.00162760991561,
"BEL","GDPHRWKDFORECAST","TOT","IDX2015","Q","2016-Q1",0.999484913149562,
"BEL","GDPHRWKDFORECAST","TOT","IDX2015","Q","2016-Q2",1.00144362242038,
"BEL","GDPHRWKDFORECAST","TOT","IDX2015","Q","2016-Q3",0.99866307836402,
"BEL","GDPHRWKDFORECAST","TOT","IDX2015","Q","2016-Q4",1.00090576274876,
"BEL","GDPHRWKDFORECAST","TOT","IDX2015","Q","2017-Q1",1.00390463670261,
"BEL","GDPHRWKDFORECAST","TOT","IDX2015","Q","2017-Q2",1.00036679115205,
"BEL","GDPHRWKDFORECAST","TOT","IDX2015","Q","2017-Q3",0.997074493624997,
"BEL","GDPHRWKDFORECAST","TOT","IDX2015","Q","2017-Q4",1.00129640894948,
"BEL","GDPHRWKDFORECAST","TOT","IDX2015","Q","2018-Q1",1.00145140750454,
"BEL","GDPHRWKDFORECAST","TOT","IDX2015","Q","2018-Q2",1.00247699200458,
"BEL","GDPHRWKDFORECAST","TOT","IDX2015","Q","2018-Q3",1.00310527767848,
"BEL","GDPHRWKDFORECAST","TOT","IDX2015","Q","2018-Q4",1.00818617885393,
"BEL","GDPHRWKDFORECAST","TOT","IDX2015","Q","2019-Q1",1.00533831201775,
"BEL","GDPHRWKDFORECAST","TOT","IDX2015","Q","2019-Q2",1.00494608304804,
"BEL","GDPHRWKDFORECAST","TOT","IDX2015","Q","2019-Q3",1.00574076174266,
"BEL","GDPHRWKDFORECAST","TOT","IDX2015","Q","2019-Q4",1.0077178216805,
"BEL","GDPHRWKDFORECAST","TOT","IDX2015","Q","2020-Q1",0.976629549916825,
"BEL","GDPHRWKDFORECAST","TOT","IDX2015","Q","2020-Q2",0.866762942175143,
"BEL","GDPHRWKDFORECAST","TOT","IDX2015","Q","2020-Q3",0.966995037837387,
"BEL","GDPHRWKDFORECAST","TOT","IDX2015","Q","2020-Q4",0.960681883559141,
"BEL","GDPHRWKDFORECAST","TOT","IDX2015","Q","2021-Q1",0.968909798134954,
"BEL","GDPHRWKDFORECAST","TOT","IDX2015","Q","2021-Q2",0.975490556271781,
"BEL","GDPHRWKDFORECAST","TOT","IDX2015","Q","2021-Q3",1.00731455444543,
"BEL","GDPHRWKDFORECAST","TOT","IDX2015","Q","2021-Q4",1.01646800045427,
"CAN","GDPHRWKDFORECAST","TOT","IDX2015","Q","2015-Q1",1.00249457463699,
"CAN","GDPHRWKDFORECAST","TOT","IDX2015","Q","2015-Q2",0.998729143439794,
"CAN","GDPHRWKDFORECAST","TOT","IDX2015","Q","2015-Q3",0.998868938742725,
"CAN","GDPHRWKDFORECAST","TOT","IDX2015","Q","2015-Q4",0.99991403853025,
"CAN","GDPHRWKDFORECAST","TOT","IDX2015","Q","2016-Q1",1.00499081940836,
"CAN","GDPHRWKDFORECAST","TOT","IDX2015","Q","2016-Q2",0.997575052392185,
"CAN","GDPHRWKDFORECAST","TOT","IDX2015","Q","2016-Q3",1.0054571730383,
"CAN","GDPHRWKDFORECAST","TOT","IDX2015","Q","2016-Q4",1.00523944623846,
"CAN","GDPHRWKDFORECAST","TOT","IDX2015","Q","2017-Q1",1.00937730425529,
"CAN","GDPHRWKDFORECAST","TOT","IDX2015","Q","2017-Q2",1.01517448994611,
"CAN","GDPHRWKDFORECAST","TOT","IDX2015","Q","2017-Q3",1.01440253114956,
"CAN","GDPHRWKDFORECAST","TOT","IDX2015","Q","2017-Q4",1.01288409772016,
"CAN","GDPHRWKDFORECAST","TOT","IDX2015","Q","2018-Q1",1.01799963104819,
"CAN","GDPHRWKDFORECAST","TOT","IDX2015","Q","2018-Q2",1.02231944346919,
"CAN","GDPHRWKDFORECAST","TOT","IDX2015","Q","2018-Q3",1.02481431673071,
"CAN","GDPHRWKDFORECAST","TOT","IDX2015","Q","2018-Q4",1.02149564449702,
"CAN","GDPHRWKDFORECAST","TOT","IDX2015","Q","2019-Q1",1.01460924492032,
"CAN","GDPHRWKDFORECAST","TOT","IDX2015","Q","2019-Q2",1.01833933667812,
"CAN","GDPHRWKDFORECAST","TOT","IDX2015","Q","2019-Q3",1.0201643909882,
"CAN","GDPHRWKDFORECAST","TOT","IDX2015","Q","2019-Q4",1.01970940459976,
"CAN","GDPHRWKDFORECAST","TOT","IDX2015","Q","2020-Q1",1.01427093802336,
"CAN","GDPHRWKDFORECAST","TOT","IDX2015","Q","2020-Q2",1.01331377891348,
"CAN","GDPHRWKDFORECAST","TOT","IDX2015","Q","2020-Q3",1.01717260033895,
"CAN","GDPHRWKDFORECAST","TOT","IDX2015","Q","2020-Q4",1.01647870571323,
"CAN","GDPHRWKDFORECAST","TOT","IDX2015","Q","2021-Q1",1.03008737965868,
"CAN","GDPHRWKDFORECAST","TOT","IDX2015","Q","2021-Q2",1.03050099122151,
"CAN","GDPHRWKDFORECAST","TOT","IDX2015","Q","2021-Q3",1.03259035586194,
"CAN","GDPHRWKDFORECAST","TOT","IDX2015","Q","2021-Q4",1.03842657502325,
"CZE","GDPHRWKDFORECAST","TOT","IDX2015","Q","2015-Q1",0.987647991806437,
"CZE","GDPHRWKDFORECAST","TOT","IDX2015","Q","2015-Q2",0.995276387426895,
"CZE","GDPHRWKDFORECAST","TOT","IDX2015","Q","2015-Q3",1.00620614080676,
"CZE","GDPHRWKDFORECAST","TOT","IDX2015","Q","2015-Q4",1.0107656368372,
"CZE","GDPHRWKDFORECAST","TOT","IDX2015","Q","2016-Q1",1.00552913151523,
"CZE","GDPHRWKDFORECAST","TOT","IDX2015","Q","2016-Q2",1.00380487370193,
"CZE","GDPHRWKDFORECAST","TOT","IDX2015","Q","2016-Q3",1.01040506987481,
"CZE","GDPHRWKDFORECAST","TOT","IDX2015","Q","2016-Q4",1.01390460294221,
"CZE","GDPHRWKDFORECAST","TOT","IDX2015","Q","2017-Q1",1.02745669389628,
"CZE","GDPHRWKDFORECAST","TOT","IDX2015","Q","2017-Q2",1.05010169820151,
"CZE","GDPHRWKDFORECAST","TOT","IDX2015","Q","2017-Q3",1.04921389676496,
"CZE","GDPHRWKDFORECAST","TOT","IDX2015","Q","2017-Q4",1.05809206648311,
"CZE","GDPHRWKDFORECAST","TOT","IDX2015","Q","2018-Q1",1.06066294599934,
"CZE","GDPHRWKDFORECAST","TOT","IDX2015","Q","2018-Q2",1.060730343054,
"CZE","GDPHRWKDFORECAST","TOT","IDX2015","Q","2018-Q3",1.06855350886048,
"CZE","GDPHRWKDFORECAST","TOT","IDX2015","Q","2018-Q4",1.07138634646748,
"CZE","GDPHRWKDFORECAST","TOT","IDX2015","Q","2019-Q1",1.07658474801273,
"CZE","GDPHRWKDFORECAST","TOT","IDX2015","Q","2019-Q2",1.08231566779481,
"CZE","GDPHRWKDFORECAST","TOT","IDX2015","Q","2019-Q3",1.09026526877366,
"CZE","GDPHRWKDFORECAST","TOT","IDX2015","Q","2019-Q4",1.09677309299022,
"CZE","GDPHRWKDFORECAST","TOT","IDX2015","Q","2020-Q1",1.06278082272229,
"CZE","GDPHRWKDFORECAST","TOT","IDX2015","Q","2020-Q2",0.985372787889225,
"CZE","GDPHRWKDFORECAST","TOT","IDX2015","Q","2020-Q3",1.0512685605769,
"CZE","GDPHRWKDFORECAST","TOT","IDX2015","Q","2020-Q4",1.06357901407696,
"CZE","GDPHRWKDFORECAST","TOT","IDX2015","Q","2021-Q1",1.06158213362842,
"CZE","GDPHRWKDFORECAST","TOT","IDX2015","Q","2021-Q2",1.07256079679606,
"CZE","GDPHRWKDFORECAST","TOT","IDX2015","Q","2021-Q3",1.09750704404459,
"CZE","GDPHRWKDFORECAST","TOT","IDX2015","Q","2021-Q4",1.11063637510543,
"FIN","GDPHRWKDFORECAST","TOT","IDX2015","Q","2015-Q1",0.988760164660785,
"FIN","GDPHRWKDFORECAST","TOT","IDX2015","Q","2015-Q2",1.00249324473065,
"FIN","GDPHRWKDFORECAST","TOT","IDX2015","Q","2015-Q3",1.00070972549836,
"FIN","GDPHRWKDFORECAST","TOT","IDX2015","Q","2015-Q4",1.00803518251234,
"FIN","GDPHRWKDFORECAST","TOT","IDX2015","Q","2016-Q1",1.01717864408613,
"FIN","GDPHRWKDFORECAST","TOT","IDX2015","Q","2016-Q2",1.01677855440101,
"FIN","GDPHRWKDFORECAST","TOT","IDX2015","Q","2016-Q3",1.02602238710628,
"FIN","GDPHRWKDFORECAST","TOT","IDX2015","Q","2016-Q4",1.03396817109311,
"FIN","GDPHRWKDFORECAST","TOT","IDX2015","Q","2017-Q1",1.03940721733323,
"FIN","GDPHRWKDFORECAST","TOT","IDX2015","Q","2017-Q2",1.04587905130121,
"FIN","GDPHRWKDFORECAST","TOT","IDX2015","Q","2017-Q3",1.04680947035754,
"FIN","GDPHRWKDFORECAST","TOT","IDX2015","Q","2017-Q4",1.0486972561969,
"FIN","GDPHRWKDFORECAST","TOT","IDX2015","Q","2018-Q1",1.04372929639165,
"FIN","GDPHRWKDFORECAST","TOT","IDX2015","Q","2018-Q2",1.03410050266929,
"FIN","GDPHRWKDFORECAST","TOT","IDX2015","Q","2018-Q3",1.02937498191885,
"FIN","GDPHRWKDFORECAST","TOT","IDX2015","Q","2018-Q4",1.02491045657602,
"FIN","GDPHRWKDFORECAST","TOT","IDX2015","Q","2019-Q1",1.02955362983807,
"FIN","GDPHRWKDFORECAST","TOT","IDX2015","Q","2019-Q2",1.03093378794542,
"FIN","GDPHRWKDFORECAST","TOT","IDX2015","Q","2019-Q3",1.02928868814629,
"FIN","GDPHRWKDFORECAST","TOT","IDX2015","Q","2019-Q4",1.02124779354566,
"FIN","GDPHRWKDFORECAST","TOT","IDX2015","Q","2020-Q1",1.01765087530847,
"FIN","GDPHRWKDFORECAST","TOT","IDX2015","Q","2020-Q2",0.99854061495616,
"FIN","GDPHRWKDFORECAST","TOT","IDX2015","Q","2020-Q3",1.02139903296693,
"FIN","GDPHRWKDFORECAST","TOT","IDX2015","Q","2020-Q4",1.01936287412436,
"FIN","GDPHRWKDFORECAST","TOT","IDX2015","Q","2021-Q1",1.0185282733136,
"FIN","GDPHRWKDFORECAST","TOT","IDX2015","Q","2021-Q2",1.02738229829929,
"FIN","GDPHRWKDFORECAST","TOT","IDX2015","Q","2021-Q3",1.04027100830868,
"FIN","GDPHRWKDFORECAST","TOT","IDX2015","Q","2021-Q4",1.04333958197558,
"FRA","GDPHRWKDFORECAST","TOT","IDX2015","Q","2015-Q1",0.99985986399127,
"FRA","GDPHRWKDFORECAST","TOT","IDX2015","Q","2015-Q2",0.998684333032867,
"FRA","GDPHRWKDFORECAST","TOT","IDX2015","Q","2015-Q3",1.00083397387913,
"FRA","GDPHRWKDFORECAST","TOT","IDX2015","Q","2015-Q4",1.00061903481166,
"FRA","GDPHRWKDFORECAST","TOT","IDX2015","Q","2016-Q1",1.00610735571492,
"FRA","GDPHRWKDFORECAST","TOT","IDX2015","Q","2016-Q2",1.0019383788106,
"FRA","GDPHRWKDFORECAST","TOT","IDX2015","Q","2016-Q3",1.0018076217803,
"FRA","GDPHRWKDFORECAST","TOT","IDX2015","Q","2016-Q4",1.0053476191042,
"FRA","GDPHRWKDFORECAST","TOT","IDX2015","Q","2017-Q1",1.01056975648703,
"FRA","GDPHRWKDFORECAST","TOT","IDX2015","Q","2017-Q2",1.01445562747819,
"FRA","GDPHRWKDFORECAST","TOT","IDX2015","Q","2017-Q3",1.01826041115828,
"FRA","GDPHRWKDFORECAST","TOT","IDX2015","Q","2017-Q4",1.02297807752678,
"FRA","GDPHRWKDFORECAST","TOT","IDX2015","Q","2018-Q1",1.02185986089348,
"FRA","GDPHRWKDFORECAST","TOT","IDX2015","Q","2018-Q2",1.02299842182091,
"FRA","GDPHRWKDFORECAST","TOT","IDX2015","Q","2018-Q3",1.02484175153545,
"FRA","GDPHRWKDFORECAST","TOT","IDX2015","Q","2018-Q4",1.02860178810878,
"FRA","GDPHRWKDFORECAST","TOT","IDX2015","Q","2019-Q1",1.02995705188023,
"FRA","GDPHRWKDFORECAST","TOT","IDX2015","Q","2019-Q2",1.02886463712163,
"FRA","GDPHRWKDFORECAST","TOT","IDX2015","Q","2019-Q3",1.02795080449582,
"FRA","GDPHRWKDFORECAST","TOT","IDX2015","Q","2019-Q4",1.02290057707934,
"FRA","GDPHRWKDFORECAST","TOT","IDX2015","Q","2020-Q1",0.964930318071101,
"FRA","GDPHRWKDFORECAST","TOT","IDX2015","Q","2020-Q2",0.857957892623754,
"FRA","GDPHRWKDFORECAST","TOT","IDX2015","Q","2020-Q3",1.00346421968773,
"FRA","GDPHRWKDFORECAST","TOT","IDX2015","Q","2020-Q4",0.986559978573042,
"FRA","GDPHRWKDFORECAST","TOT","IDX2015","Q","2021-Q1",0.988196482165976,
"FRA","GDPHRWKDFORECAST","TOT","IDX2015","Q","2021-Q2",0.99345648634446,
"FRA","GDPHRWKDFORECAST","TOT","IDX2015","Q","2021-Q3",1.01833246800736,
"FRA","GDPHRWKDFORECAST","TOT","IDX2015","Q","2021-Q4",1.02883314602783,
"DEU","GDPHRWKDFORECAST","TOT","IDX2015","Q","2015-Q1",0.99647662507128,
"DEU","GDPHRWKDFORECAST","TOT","IDX2015","Q","2015-Q2",0.999891748595839,
"DEU","GDPHRWKDFORECAST","TOT","IDX2015","Q","2015-Q3",1.0009713605773,
"DEU","GDPHRWKDFORECAST","TOT","IDX2015","Q","2015-Q4",1.00262756328246,
"DEU","GDPHRWKDFORECAST","TOT","IDX2015","Q","2016-Q1",1.00878265355346,
"DEU","GDPHRWKDFORECAST","TOT","IDX2015","Q","2016-Q2",1.00922642320494,
"DEU","GDPHRWKDFORECAST","TOT","IDX2015","Q","2016-Q3",1.00857874565563,
"DEU","GDPHRWKDFORECAST","TOT","IDX2015","Q","2016-Q4",1.00860007334313,
"DEU","GDPHRWKDFORECAST","TOT","IDX2015","Q","2017-Q1",1.01795431744083,
"DEU","GDPHRWKDFORECAST","TOT","IDX2015","Q","2017-Q2",1.02081956115112,
"DEU","GDPHRWKDFORECAST","TOT","IDX2015","Q","2017-Q3",1.02604590657617,
"DEU","GDPHRWKDFORECAST","TOT","IDX2015","Q","2017-Q4",1.03135595223831,
"DEU","GDPHRWKDFORECAST","TOT","IDX2015","Q","2018-Q1",1.02493635141688,
"DEU","GDPHRWKDFORECAST","TOT","IDX2015","Q","2018-Q2",1.02648218405482,
"DEU","GDPHRWKDFORECAST","TOT","IDX2015","Q","2018-Q3",1.02042434479103,
"DEU","GDPHRWKDFORECAST","TOT","IDX2015","Q","2018-Q4",1.02142791818988,
"DEU","GDPHRWKDFORECAST","TOT","IDX2015","Q","2019-Q1",1.02447452003305,
"DEU","GDPHRWKDFORECAST","TOT","IDX2015","Q","2019-Q2",1.01726666601559,
"DEU","GDPHRWKDFORECAST","TOT","IDX2015","Q","2019-Q3",1.02009776615765,
"DEU","GDPHRWKDFORECAST","TOT","IDX2015","Q","2019-Q4",1.0192544747863,
"DEU","GDPHRWKDFORECAST","TOT","IDX2015","Q","2020-Q1",0.998784434624498,
"DEU","GDPHRWKDFORECAST","TOT","IDX2015","Q","2020-Q2",0.915026950708951,
"DEU","GDPHRWKDFORECAST","TOT","IDX2015","Q","2020-Q3",0.996004820433708,
"DEU","GDPHRWKDFORECAST","TOT","IDX2015","Q","2020-Q4",1.00040707211646,
"DEU","GDPHRWKDFORECAST","TOT","IDX2015","Q","2021-Q1",0.984461917453886,
"DEU","GDPHRWKDFORECAST","TOT","IDX2015","Q","2021-Q2",1.0023897569079,
"DEU","GDPHRWKDFORECAST","TOT","IDX2015","Q","2021-Q3",1.02328175132038,
"DEU","GDPHRWKDFORECAST","TOT","IDX2015","Q","2021-Q4",1.03303864928226,
"ISL","GDPHRWKDFORECAST","TOT","IDX2015","Q","2015-Q1",0.967863526057421,
"ISL","GDPHRWKDFORECAST","TOT","IDX2015","Q","2015-Q2",1.01016923857327,
"ISL","GDPHRWKDFORECAST","TOT","IDX2015","Q","2015-Q3",1.01087515710535,
"ISL","GDPHRWKDFORECAST","TOT","IDX2015","Q","2015-Q4",1.01052826668376,
"ISL","GDPHRWKDFORECAST","TOT","IDX2015","Q","2016-Q1",0.964343267446375,
"ISL","GDPHRWKDFORECAST","TOT","IDX2015","Q","2016-Q2",1.01944334447698,
"ISL","GDPHRWKDFORECAST","TOT","IDX2015","Q","2016-Q3",1.03384273852022,
"ISL","GDPHRWKDFORECAST","TOT","IDX2015","Q","2016-Q4",1.06311668044368,
"ISL","GDPHRWKDFORECAST","TOT","IDX2015","Q","2017-Q1",1.02175264925796,
"ISL","GDPHRWKDFORECAST","TOT","IDX2015","Q","2017-Q2",1.04840768406763,
"ISL","GDPHRWKDFORECAST","TOT","IDX2015","Q","2017-Q3",1.05944842624703,
"ISL","GDPHRWKDFORECAST","TOT","IDX2015","Q","2017-Q4",1.08176046866712,
"ISL","GDPHRWKDFORECAST","TOT","IDX2015","Q","2018-Q1",1.08282323172146,
"ISL","GDPHRWKDFORECAST","TOT","IDX2015","Q","2018-Q2",1.07672370301704,
"ISL","GDPHRWKDFORECAST","TOT","IDX2015","Q","2018-Q3",1.06977350772956,
"ISL","GDPHRWKDFORECAST","TOT","IDX2015","Q","2018-Q4",1.10207675731555,
"ISL","GDPHRWKDFORECAST","TOT","IDX2015","Q","2019-Q1",1.10148142169588,
"ISL","GDPHRWKDFORECAST","TOT","IDX2015","Q","2019-Q2",1.08214221442425,
"ISL","GDPHRWKDFORECAST","TOT","IDX2015","Q","2019-Q3",1.08648548757551,
"ISL","GDPHRWKDFORECAST","TOT","IDX2015","Q","2019-Q4",1.13094725137189,
"ISL","GDPHRWKDFORECAST","TOT","IDX2015","Q","2020-Q1",1.06640135223765,
"ISL","GDPHRWKDFORECAST","TOT","IDX2015","Q","2020-Q2",1.02617363398844,
"ISL","GDPHRWKDFORECAST","TOT","IDX2015","Q","2020-Q3",1.02989499325056,
"ISL","GDPHRWKDFORECAST","TOT","IDX2015","Q","2020-Q4",1.11240575817705,
"ISL","GDPHRWKDFORECAST","TOT","IDX2015","Q","2021-Q1",1.09718916341723,
"ISL","GDPHRWKDFORECAST","TOT","IDX2015","Q","2021-Q2",1.09369612411121,
"ISL","GDPHRWKDFORECAST","TOT","IDX2015","Q","2021-Q3",1.09420704970386,
"ISL","GDPHRWKDFORECAST","TOT","IDX2015","Q","2021-Q4",1.0983463943776,
"IRL","GDPHRWKDFORECAST","TOT","IDX2015","Q","2015-Q1",1.00951345818544,
"IRL","GDPHRWKDFORECAST","TOT","IDX2015","Q","2015-Q2",0.980194037022156,
"IRL","GDPHRWKDFORECAST","TOT","IDX2015","Q","2015-Q3",0.996004071978757,
"IRL","GDPHRWKDFORECAST","TOT","IDX2015","Q","2015-Q4",1.01420385914438,
"IRL","GDPHRWKDFORECAST","TOT","IDX2015","Q","2016-Q1",0.956527113732716,
"IRL","GDPHRWKDFORECAST","TOT","IDX2015","Q","2016-Q2",0.961744899709968,
"IRL","GDPHRWKDFORECAST","TOT","IDX2015","Q","2016-Q3",0.940798448128281,
"IRL","GDPHRWKDFORECAST","TOT","IDX2015","Q","2016-Q4",1.07232678180466,
"IRL","GDPHRWKDFORECAST","TOT","IDX2015","Q","2017-Q1",0.997132419193742,
"IRL","GDPHRWKDFORECAST","TOT","IDX2015","Q","2017-Q2",1.01603023059345,
"IRL","GDPHRWKDFORECAST","TOT","IDX2015","Q","2017-Q3",1.06002667975194,
"IRL","GDPHRWKDFORECAST","TOT","IDX2015","Q","2017-Q4",1.10267717515599,
"IRL","GDPHRWKDFORECAST","TOT","IDX2015","Q","2018-Q1",1.08686010402564,
"IRL","GDPHRWKDFORECAST","TOT","IDX2015","Q","2018-Q2",1.10585263451425,
"IRL","GDPHRWKDFORECAST","TOT","IDX2015","Q","2018-Q3",1.10303836550893,
"IRL","GDPHRWKDFORECAST","TOT","IDX2015","Q","2018-Q4",1.11591318435025,
"IRL","GDPHRWKDFORECAST","TOT","IDX2015","Q","2019-Q1",1.09464713273293,
"IRL","GDPHRWKDFORECAST","TOT","IDX2015","Q","2019-Q2",1.14857421932418,
"IRL","GDPHRWKDFORECAST","TOT","IDX2015","Q","2019-Q3",1.13763441295158,
"IRL","GDPHRWKDFORECAST","TOT","IDX2015","Q","2019-Q4",1.16132227077147,
"IRL","GDPHRWKDFORECAST","TOT","IDX2015","Q","2020-Q1",1.11592708696584,
"IRL","GDPHRWKDFORECAST","TOT","IDX2015","Q","2020-Q2",1.16197294740966,
"IRL","GDPHRWKDFORECAST","TOT","IDX2015","Q","2020-Q3",1.2582784539537,
"IRL","GDPHRWKDFORECAST","TOT","IDX2015","Q","2020-Q4",1.19103329758377,
"IRL","GDPHRWKDFORECAST","TOT","IDX2015","Q","2021-Q1",1.21283894909589,
"IRL","GDPHRWKDFORECAST","TOT","IDX2015","Q","2021-Q2",1.23815663493041,
"IRL","GDPHRWKDFORECAST","TOT","IDX2015","Q","2021-Q3",1.27810578225589,
"IRL","GDPHRWKDFORECAST","TOT","IDX2015","Q","2021-Q4",1.31541457130845,
"ITA","GDPHRWKDFORECAST","TOT","IDX2015","Q","2015-Q1",0.999085943217597,
"ITA","GDPHRWKDFORECAST","TOT","IDX2015","Q","2015-Q2",1.00271141827327,
"ITA","GDPHRWKDFORECAST","TOT","IDX2015","Q","2015-Q3",0.997677878987849,
"ITA","GDPHRWKDFORECAST","TOT","IDX2015","Q","2015-Q4",1.00053634961675,
"ITA","GDPHRWKDFORECAST","TOT","IDX2015","Q","2016-Q1",1.00130985707229,
"ITA","GDPHRWKDFORECAST","TOT","IDX2015","Q","2016-Q2",0.995551085553938,
"ITA","GDPHRWKDFORECAST","TOT","IDX2015","Q","2016-Q3",1.00327666461804,
"ITA","GDPHRWKDFORECAST","TOT","IDX2015","Q","2016-Q4",1.00180567420087,
"ITA","GDPHRWKDFORECAST","TOT","IDX2015","Q","2017-Q1",1.00352795389702,
"ITA","GDPHRWKDFORECAST","TOT","IDX2015","Q","2017-Q2",1.00455704135903,
"ITA","GDPHRWKDFORECAST","TOT","IDX2015","Q","2017-Q3",1.00500729549801,
"ITA","GDPHRWKDFORECAST","TOT","IDX2015","Q","2017-Q4",1.01161758002027,
"ITA","GDPHRWKDFORECAST","TOT","IDX2015","Q","2018-Q1",1.00989554894993,
"ITA","GDPHRWKDFORECAST","TOT","IDX2015","Q","2018-Q2",0.999468978487901,
"ITA","GDPHRWKDFORECAST","TOT","IDX2015","Q","2018-Q3",1.00331783219668,
"ITA","GDPHRWKDFORECAST","TOT","IDX2015","Q","2018-Q4",1.00771323864892,
"ITA","GDPHRWKDFORECAST","TOT","IDX2015","Q","2019-Q1",1.00785444941913,
"ITA","GDPHRWKDFORECAST","TOT","IDX2015","Q","2019-Q2",0.999267294152947,
"ITA","GDPHRWKDFORECAST","TOT","IDX2015","Q","2019-Q3",1.00212421463559,
"ITA","GDPHRWKDFORECAST","TOT","IDX2015","Q","2019-Q4",1.00173622717165,
"ITA","GDPHRWKDFORECAST","TOT","IDX2015","Q","2020-Q1",0.951172072477946,
"ITA","GDPHRWKDFORECAST","TOT","IDX2015","Q","2020-Q2",0.848295367034749,
"ITA","GDPHRWKDFORECAST","TOT","IDX2015","Q","2020-Q3",0.975133334939322,
"ITA","GDPHRWKDFORECAST","TOT","IDX2015","Q","2020-Q4",0.953908383647589,
"ITA","GDPHRWKDFORECAST","TOT","IDX2015","Q","2021-Q1",0.952736381326513,
"ITA","GDPHRWKDFORECAST","TOT","IDX2015","Q","2021-Q2",0.961005783416386,
"ITA","GDPHRWKDFORECAST","TOT","IDX2015","Q","2021-Q3",0.986625331973528,
"ITA","GDPHRWKDFORECAST","TOT","IDX2015","Q","2021-Q4",0.999616088762233,
"JPN","GDPHRWKDFORECAST","TOT","IDX2015","Q","2015-Q1",1.0006707156065,
"JPN","GDPHRWKDFORECAST","TOT","IDX2015","Q","2015-Q2",1.0014801645497,
"JPN","GDPHRWKDFORECAST","TOT","IDX2015","Q","2015-Q3",1.00042991882711,
"JPN","GDPHRWKDFORECAST","TOT","IDX2015","Q","2015-Q4",0.997429262711032,
"JPN","GDPHRWKDFORECAST","TOT","IDX2015","Q","2016-Q1",1.00189705678416,
"JPN","GDPHRWKDFORECAST","TOT","IDX2015","Q","2016-Q2",0.997968175177352,
"JPN","GDPHRWKDFORECAST","TOT","IDX2015","Q","2016-Q3",0.994657280561589,
"JPN","GDPHRWKDFORECAST","TOT","IDX2015","Q","2016-Q4",0.996184301830549,
"JPN","GDPHRWKDFORECAST","TOT","IDX2015","Q","2017-Q1",1.00368964084422,
"JPN","GDPHRWKDFORECAST","TOT","IDX2015","Q","2017-Q2",1.0011232876132,
"JPN","GDPHRWKDFORECAST","TOT","IDX2015","Q","2017-Q3",1.00399198370026,
"JPN","GDPHRWKDFORECAST","TOT","IDX2015","Q","2017-Q4",1.00821471564158,
"JPN","GDPHRWKDFORECAST","TOT","IDX2015","Q","2018-Q1",0.996315013884551,
"JPN","GDPHRWKDFORECAST","TOT","IDX2015","Q","2018-Q2",0.991670934320451,
"JPN","GDPHRWKDFORECAST","TOT","IDX2015","Q","2018-Q3",0.985247437857732,
"JPN","GDPHRWKDFORECAST","TOT","IDX2015","Q","2018-Q4",0.985723105103207,
"JPN","GDPHRWKDFORECAST","TOT","IDX2015","Q","2019-Q1",0.987053163637686,
"JPN","GDPHRWKDFORECAST","TOT","IDX2015","Q","2019-Q2",0.987234076494976,
"JPN","GDPHRWKDFORECAST","TOT","IDX2015","Q","2019-Q3",0.985605658016809,
"JPN","GDPHRWKDFORECAST","TOT","IDX2015","Q","2019-Q4",0.963917444663009,
"JPN","GDPHRWKDFORECAST","TOT","IDX2015","Q","2020-Q1",0.96102711367677,
"JPN","GDPHRWKDFORECAST","TOT","IDX2015","Q","2020-Q2",0.897154059148273,
"JPN","GDPHRWKDFORECAST","TOT","IDX2015","Q","2020-Q3",0.941755715719362,
"JPN","GDPHRWKDFORECAST","TOT","IDX2015","Q","2020-Q4",0.965107585996684,
"JPN","GDPHRWKDFORECAST","TOT","IDX2015","Q","2021-Q1",0.950119950305443,
"JPN","GDPHRWKDFORECAST","TOT","IDX2015","Q","2021-Q2",0.957243775207615,
"JPN","GDPHRWKDFORECAST","TOT","IDX2015","Q","2021-Q3",0.971182707639002,
"JPN","GDPHRWKDFORECAST","TOT","IDX2015","Q","2021-Q4",0.973965606806214,
"KOR","GDPHRWKDFORECAST","TOT","IDX2015","Q","2015-Q1",0.991316006939198,
"KOR","GDPHRWKDFORECAST","TOT","IDX2015","Q","2015-Q2",0.995570608280933,
"KOR","GDPHRWKDFORECAST","TOT","IDX2015","Q","2015-Q3",1.00416667376882,
"KOR","GDPHRWKDFORECAST","TOT","IDX2015","Q","2015-Q4",1.00884794687822,
"KOR","GDPHRWKDFORECAST","TOT","IDX2015","Q","2016-Q1",1.01280703187726,
"KOR","GDPHRWKDFORECAST","TOT","IDX2015","Q","2016-Q2",1.02324998554186,
"KOR","GDPHRWKDFORECAST","TOT","IDX2015","Q","2016-Q3",1.02041343859348,
"KOR","GDPHRWKDFORECAST","TOT","IDX2015","Q","2016-Q4",1.02553697883792,
"KOR","GDPHRWKDFORECAST","TOT","IDX2015","Q","2017-Q1",1.03132682047989,
"KOR","GDPHRWKDFORECAST","TOT","IDX2015","Q","2017-Q2",1.03672076778603,
"KOR","GDPHRWKDFORECAST","TOT","IDX2015","Q","2017-Q3",1.04797949853153,
"KOR","GDPHRWKDFORECAST","TOT","IDX2015","Q","2017-Q4",1.0451403908251,
"KOR","GDPHRWKDFORECAST","TOT","IDX2015","Q","2018-Q1",1.05735255795105,
"KOR","GDPHRWKDFORECAST","TOT","IDX2015","Q","2018-Q2",1.06446452023743,
"KOR","GDPHRWKDFORECAST","TOT","IDX2015","Q","2018-Q3",1.07020381322313,
"KOR","GDPHRWKDFORECAST","TOT","IDX2015","Q","2018-Q4",1.07470070954981,
"KOR","GDPHRWKDFORECAST","TOT","IDX2015","Q","2019-Q1",1.06876654349053,
"KOR","GDPHRWKDFORECAST","TOT","IDX2015","Q","2019-Q2",1.07738827415719,
"KOR","GDPHRWKDFORECAST","TOT","IDX2015","Q","2019-Q3",1.07606215030177,
"KOR","GDPHRWKDFORECAST","TOT","IDX2015","Q","2019-Q4",1.08318498468618,
"KOR","GDPHRWKDFORECAST","TOT","IDX2015","Q","2020-Q1",1.07257415015837,
"KOR","GDPHRWKDFORECAST","TOT","IDX2015","Q","2020-Q2",1.06293155661288,
"KOR","GDPHRWKDFORECAST","TOT","IDX2015","Q","2020-Q3",1.07670777142371,
"KOR","GDPHRWKDFORECAST","TOT","IDX2015","Q","2020-Q4",1.08817926429371,
"KOR","GDPHRWKDFORECAST","TOT","IDX2015","Q","2021-Q1",1.10073273543039,
"KOR","GDPHRWKDFORECAST","TOT","IDX2015","Q","2021-Q2",1.10453663772495,
"KOR","GDPHRWKDFORECAST","TOT","IDX2015","Q","2021-Q3",1.10908881146628,
"KOR","GDPHRWKDFORECAST","TOT","IDX2015","Q","2021-Q4",1.11608311799798,
"LUX","GDPHRWKDFORECAST","TOT","IDX2015","Q","2015-Q1",1.00894809469688,
"LUX","GDPHRWKDFORECAST","TOT","IDX2015","Q","2015-Q2",1.00572881687559,
"LUX","GDPHRWKDFORECAST","TOT","IDX2015","Q","2015-Q3",0.98833646230466,
"LUX","GDPHRWKDFORECAST","TOT","IDX2015","Q","2015-Q4",0.997178361458934,
"LUX","GDPHRWKDFORECAST","TOT","IDX2015","Q","2016-Q1",1.00196030306592,
"LUX","GDPHRWKDFORECAST","TOT","IDX2015","Q","2016-Q2",1.01712554397538,
"LUX","GDPHRWKDFORECAST","TOT","IDX2015","Q","2016-Q3",1.01826859022628,
"LUX","GDPHRWKDFORECAST","TOT","IDX2015","Q","2016-Q4",1.02272482468876,
"LUX","GDPHRWKDFORECAST","TOT","IDX2015","Q","2017-Q1",0.999265328072978,
"LUX","GDPHRWKDFORECAST","TOT","IDX2015","Q","2017-Q2",0.994423203863354,
"LUX","GDPHRWKDFORECAST","TOT","IDX2015","Q","2017-Q3",1.00201318255762,
"LUX","GDPHRWKDFORECAST","TOT","IDX2015","Q","2017-Q4",1.00085069619179,
"LUX","GDPHRWKDFORECAST","TOT","IDX2015","Q","2018-Q1",1.00808165979027,
"LUX","GDPHRWKDFORECAST","TOT","IDX2015","Q","2018-Q2",0.991977379927358,
"LUX","GDPHRWKDFORECAST","TOT","IDX2015","Q","2018-Q3",0.99056131284962,
"LUX","GDPHRWKDFORECAST","TOT","IDX2015","Q","2018-Q4",0.983762759794318,
"LUX","GDPHRWKDFORECAST","TOT","IDX2015","Q","2019-Q1",0.974964844426039,
"LUX","GDPHRWKDFORECAST","TOT","IDX2015","Q","2019-Q2",0.985205931049234,
"LUX","GDPHRWKDFORECAST","TOT","IDX2015","Q","2019-Q3",0.984966957068694,
"LUX","GDPHRWKDFORECAST","TOT","IDX2015","Q","2019-Q4",0.978380890742502,
"LUX","GDPHRWKDFORECAST","TOT","IDX2015","Q","2020-Q1",0.96019362979121,
"LUX","GDPHRWKDFORECAST","TOT","IDX2015","Q","2020-Q2",0.895067763452079,
"LUX","GDPHRWKDFORECAST","TOT","IDX2015","Q","2020-Q3",0.965617325844842,
"LUX","GDPHRWKDFORECAST","TOT","IDX2015","Q","2020-Q4",0.975296023326572,
"LUX","GDPHRWKDFORECAST","TOT","IDX2015","Q","2021-Q1",0.972420610886931,
"LUX","GDPHRWKDFORECAST","TOT","IDX2015","Q","2021-Q2",0.971031630853825,
"LUX","GDPHRWKDFORECAST","TOT","IDX2015","Q","2021-Q3",0.974783925882284,
"LUX","GDPHRWKDFORECAST","TOT","IDX2015","Q","2021-Q4",0.973141479202363,
"NLD","GDPHRWKDFORECAST","TOT","IDX2015","Q","2015-Q1",1.00087510279575,
"NLD","GDPHRWKDFORECAST","TOT","IDX2015","Q","2015-Q2",1.0011194443407,
"NLD","GDPHRWKDFORECAST","TOT","IDX2015","Q","2015-Q3",1.00079615935755,
"NLD","GDPHRWKDFORECAST","TOT","IDX2015","Q","2015-Q4",0.997229588227726,
"NLD","GDPHRWKDFORECAST","TOT","IDX2015","Q","2016-Q1",1.00511908083556,
"NLD","GDPHRWKDFORECAST","TOT","IDX2015","Q","2016-Q2",1.00192763803415,
"NLD","GDPHRWKDFORECAST","TOT","IDX2015","Q","2016-Q3",1.00797526665076,
"NLD","GDPHRWKDFORECAST","TOT","IDX2015","Q","2016-Q4",1.01083159293113,
"NLD","GDPHRWKDFORECAST","TOT","IDX2015","Q","2017-Q1",1.01013202683011,
"NLD","GDPHRWKDFORECAST","TOT","IDX2015","Q","2017-Q2",1.01256023272915,
"NLD","GDPHRWKDFORECAST","TOT","IDX2015","Q","2017-Q3",1.01293797539286,
"NLD","GDPHRWKDFORECAST","TOT","IDX2015","Q","2017-Q4",1.01424201717399,
"NLD","GDPHRWKDFORECAST","TOT","IDX2015","Q","2018-Q1",1.01129722049033,
"NLD","GDPHRWKDFORECAST","TOT","IDX2015","Q","2018-Q2",1.01134148377745,
"NLD","GDPHRWKDFORECAST","TOT","IDX2015","Q","2018-Q3",1.00747099251935,
"NLD","GDPHRWKDFORECAST","TOT","IDX2015","Q","2018-Q4",1.00668733702206,
"NLD","GDPHRWKDFORECAST","TOT","IDX2015","Q","2019-Q1",1.00617293536102,
"NLD","GDPHRWKDFORECAST","TOT","IDX2015","Q","2019-Q2",1.00663759856722,
"NLD","GDPHRWKDFORECAST","TOT","IDX2015","Q","2019-Q3",1.00800535793246,
"NLD","GDPHRWKDFORECAST","TOT","IDX2015","Q","2019-Q4",1.00810788135208,
"NLD","GDPHRWKDFORECAST","TOT","IDX2015","Q","2020-Q1",0.990449643992827,
"NLD","GDPHRWKDFORECAST","TOT","IDX2015","Q","2020-Q2",0.933432317895918,
"NLD","GDPHRWKDFORECAST","TOT","IDX2015","Q","2020-Q3",0.989868674571358,
"NLD","GDPHRWKDFORECAST","TOT","IDX2015","Q","2020-Q4",0.988195546626065,
"NLD","GDPHRWKDFORECAST","TOT","IDX2015","Q","2021-Q1",0.991026295189675,
"NLD","GDPHRWKDFORECAST","TOT","IDX2015","Q","2021-Q2",0.991346835023323,
"NLD","GDPHRWKDFORECAST","TOT","IDX2015","Q","2021-Q3",1.01584141387231,
"NLD","GDPHRWKDFORECAST","TOT","IDX2015","Q","2021-Q4",1.02759935631071,
"NZL","GDPHRWKDFORECAST","TOT","IDX2015","Q","2015-Q1",0.986454269302855,
"NZL","GDPHRWKDFORECAST","TOT","IDX2015","Q","2015-Q2",0.989157906258488,
"NZL","GDPHRWKDFORECAST","TOT","IDX2015","Q","2015-Q3",1.01253591033424,
"NZL","GDPHRWKDFORECAST","TOT","IDX2015","Q","2015-Q4",1.01182342710201,
"NZL","GDPHRWKDFORECAST","TOT","IDX2015","Q","2016-Q1",1.011805967062,
"NZL","GDPHRWKDFORECAST","TOT","IDX2015","Q","2016-Q2",1.01329801715767,
"NZL","GDPHRWKDFORECAST","TOT","IDX2015","Q","2016-Q3",1.00315159603837,
"NZL","GDPHRWKDFORECAST","TOT","IDX2015","Q","2016-Q4",0.986785746541419,
"NZL","GDPHRWKDFORECAST","TOT","IDX2015","Q","2017-Q1",0.985487303977785,
"NZL","GDPHRWKDFORECAST","TOT","IDX2015","Q","2017-Q2",0.999234770105082,
"NZL","GDPHRWKDFORECAST","TOT","IDX2015","Q","2017-Q3",0.994718019051568,
"NZL","GDPHRWKDFORECAST","TOT","IDX2015","Q","2017-Q4",1.00179702889718,
"NZL","GDPHRWKDFORECAST","TOT","IDX2015","Q","2018-Q1",1.00374445441843,
"NZL","GDPHRWKDFORECAST","TOT","IDX2015","Q","2018-Q2",1.01063534243958,
"NZL","GDPHRWKDFORECAST","TOT","IDX2015","Q","2018-Q3",1.00616130675547,
"NZL","GDPHRWKDFORECAST","TOT","IDX2015","Q","2018-Q4",1.03933997780249,
"NZL","GDPHRWKDFORECAST","TOT","IDX2015","Q","2019-Q1",1.04051900902081,
"NZL","GDPHRWKDFORECAST","TOT","IDX2015","Q","2019-Q2",1.03252843555816,
"NZL","GDPHRWKDFORECAST","TOT","IDX2015","Q","2019-Q3",1.03364928109984,
"NZL","GDPHRWKDFORECAST","TOT","IDX2015","Q","2019-Q4",1.0320418779339,
"NZL","GDPHRWKDFORECAST","TOT","IDX2015","Q","2020-Q1",1.00974581174348,
"NZL","GDPHRWKDFORECAST","TOT","IDX2015","Q","2020-Q2",0.91778259725717,
"NZL","GDPHRWKDFORECAST","TOT","IDX2015","Q","2020-Q3",1.05471382537234,
"NZL","GDPHRWKDFORECAST","TOT","IDX2015","Q","2020-Q4",1.03360244084381,
"NZL","GDPHRWKDFORECAST","TOT","IDX2015","Q","2021-Q1",1.02355402066269,
"NZL","GDPHRWKDFORECAST","TOT","IDX2015","Q","2021-Q2",1.02655269293026,
"NZL","GDPHRWKDFORECAST","TOT","IDX2015","Q","2021-Q3",1.02985826884828,
"NZL","GDPHRWKDFORECAST","TOT","IDX2015","Q","2021-Q4",1.03536075363725,
"NOR","GDPHRWKDFORECAST","TOT","IDX2015","Q","2015-Q1",0.992204757367504,
"NOR","GDPHRWKDFORECAST","TOT","IDX2015","Q","2015-Q2",0.99661538970668,
"NOR","GDPHRWKDFORECAST","TOT","IDX2015","Q","2015-Q3",1.01025719983417,
"NOR","GDPHRWKDFORECAST","TOT","IDX2015","Q","2015-Q4",1.00091967869022,
"NOR","GDPHRWKDFORECAST","TOT","IDX2015","Q","2016-Q1",1.01406272708035,
"NOR","GDPHRWKDFORECAST","TOT","IDX2015","Q","2016-Q2",1.00712378091464,
"NOR","GDPHRWKDFORECAST","TOT","IDX2015","Q","2016-Q3",0.994918464644472,
"NOR","GDPHRWKDFORECAST","TOT","IDX2015","Q","2016-Q4",1.01485589930134,
"NOR","GDPHRWKDFORECAST","TOT","IDX2015","Q","2017-Q1",1.01791612569123,
"NOR","GDPHRWKDFORECAST","TOT","IDX2015","Q","2017-Q2",1.02011841213889,
"NOR","GDPHRWKDFORECAST","TOT","IDX2015","Q","2017-Q3",1.0225319030587,
"NOR","GDPHRWKDFORECAST","TOT","IDX2015","Q","2017-Q4",1.01510432483063,
"NOR","GDPHRWKDFORECAST","TOT","IDX2015","Q","2018-Q1",1.01546408463096,
"NOR","GDPHRWKDFORECAST","TOT","IDX2015","Q","2018-Q2",1.01318404428118,
"NOR","GDPHRWKDFORECAST","TOT","IDX2015","Q","2018-Q3",1.01503230539324,
"NOR","GDPHRWKDFORECAST","TOT","IDX2015","Q","2018-Q4",1.01118606766346,
"NOR","GDPHRWKDFORECAST","TOT","IDX2015","Q","2019-Q1",1.00470557413858,
"NOR","GDPHRWKDFORECAST","TOT","IDX2015","Q","2019-Q2",1.00170539610197,
"NOR","GDPHRWKDFORECAST","TOT","IDX2015","Q","2019-Q3",0.999721935641642,
"NOR","GDPHRWKDFORECAST","TOT","IDX2015","Q","2019-Q4",1.01750962107576,
"NOR","GDPHRWKDFORECAST","TOT","IDX2015","Q","2020-Q1",1.00303760067588,
"NOR","GDPHRWKDFORECAST","TOT","IDX2015","Q","2020-Q2",0.985432151720015,
"NOR","GDPHRWKDFORECAST","TOT","IDX2015","Q","2020-Q3",1.02845553287584,
"NOR","GDPHRWKDFORECAST","TOT","IDX2015","Q","2020-Q4",1.03008667225034,
"NOR","GDPHRWKDFORECAST","TOT","IDX2015","Q","2021-Q1",1.02775289614865,
"NOR","GDPHRWKDFORECAST","TOT","IDX2015","Q","2021-Q2",1.04409700097836,
"NOR","GDPHRWKDFORECAST","TOT","IDX2015","Q","2021-Q3",1.05523065127279,
"NOR","GDPHRWKDFORECAST","TOT","IDX2015","Q","2021-Q4",1.0599207447213,
"PRT","GDPHRWKDFORECAST","TOT","IDX2015","Q","2015-Q1",1.00170794834058,
"PRT","GDPHRWKDFORECAST","TOT","IDX2015","Q","2015-Q2",0.996357743999943,
"PRT","GDPHRWKDFORECAST","TOT","IDX2015","Q","2015-Q3",1.00072082913504,
"PRT","GDPHRWKDFORECAST","TOT","IDX2015","Q","2015-Q4",1.001228688308,
"PRT","GDPHRWKDFORECAST","TOT","IDX2015","Q","2016-Q1",1.00455556280033,
"PRT","GDPHRWKDFORECAST","TOT","IDX2015","Q","2016-Q2",1.00173600749452,
"PRT","GDPHRWKDFORECAST","TOT","IDX2015","Q","2016-Q3",1.00261055233868,
"PRT","GDPHRWKDFORECAST","TOT","IDX2015","Q","2016-Q4",1.00687371471459,
"PRT","GDPHRWKDFORECAST","TOT","IDX2015","Q","2017-Q1",1.00878521197619,
"PRT","GDPHRWKDFORECAST","TOT","IDX2015","Q","2017-Q2",1.00363584968316,
"PRT","GDPHRWKDFORECAST","TOT","IDX2015","Q","2017-Q3",1.00530455138452,
"PRT","GDPHRWKDFORECAST","TOT","IDX2015","Q","2017-Q4",1.00671204359327,
"PRT","GDPHRWKDFORECAST","TOT","IDX2015","Q","2018-Q1",1.00560177807419,
"PRT","GDPHRWKDFORECAST","TOT","IDX2015","Q","2018-Q2",1.01265832429285,
"PRT","GDPHRWKDFORECAST","TOT","IDX2015","Q","2018-Q3",1.01341807236994,
"PRT","GDPHRWKDFORECAST","TOT","IDX2015","Q","2018-Q4",1.01351971839312,
"PRT","GDPHRWKDFORECAST","TOT","IDX2015","Q","2019-Q1",1.01704784240086,
"PRT","GDPHRWKDFORECAST","TOT","IDX2015","Q","2019-Q2",1.02850307646812,
"PRT","GDPHRWKDFORECAST","TOT","IDX2015","Q","2019-Q3",1.03004125726193,
"PRT","GDPHRWKDFORECAST","TOT","IDX2015","Q","2019-Q4",1.03838713719535,
"PRT","GDPHRWKDFORECAST","TOT","IDX2015","Q","2020-Q1",0.998912545969858,
"PRT","GDPHRWKDFORECAST","TOT","IDX2015","Q","2020-Q2",0.890439896896331,
"PRT","GDPHRWKDFORECAST","TOT","IDX2015","Q","2020-Q3",0.997552133906874,
"PRT","GDPHRWKDFORECAST","TOT","IDX2015","Q","2020-Q4",0.981516229557411,
"PRT","GDPHRWKDFORECAST","TOT","IDX2015","Q","2021-Q1",0.95185291486568,
"PRT","GDPHRWKDFORECAST","TOT","IDX2015","Q","2021-Q2",0.982937177879645,
"PRT","GDPHRWKDFORECAST","TOT","IDX2015","Q","2021-Q3",1.02316495492308,
"PRT","GDPHRWKDFORECAST","TOT","IDX2015","Q","2021-Q4",1.03044011089028,
"SWE","GDPHRWKDFORECAST","TOT","IDX2015","Q","2015-Q1",0.989743952603379,
"SWE","GDPHRWKDFORECAST","TOT","IDX2015","Q","2015-Q2",0.998662225916949,
"SWE","GDPHRWKDFORECAST","TOT","IDX2015","Q","2015-Q3",1.00502521981615,
"SWE","GDPHRWKDFORECAST","TOT","IDX2015","Q","2015-Q4",1.00644178327887,
"SWE","GDPHRWKDFORECAST","TOT","IDX2015","Q","2016-Q1",1.00228636127645,
"SWE","GDPHRWKDFORECAST","TOT","IDX2015","Q","2016-Q2",0.997454725839509,
"SWE","GDPHRWKDFORECAST","TOT","IDX2015","Q","2016-Q3",0.99952399081255,
"SWE","GDPHRWKDFORECAST","TOT","IDX2015","Q","2016-Q4",1.00147358507126,
"SWE","GDPHRWKDFORECAST","TOT","IDX2015","Q","2017-Q1",0.997659143675855,
"SWE","GDPHRWKDFORECAST","TOT","IDX2015","Q","2017-Q2",1.00233920478623,
"SWE","GDPHRWKDFORECAST","TOT","IDX2015","Q","2017-Q3",1.00878849867935,
"SWE","GDPHRWKDFORECAST","TOT","IDX2015","Q","2017-Q4",1.00620384459596,
"SWE","GDPHRWKDFORECAST","TOT","IDX2015","Q","2018-Q1",1.00441399383086,
"SWE","GDPHRWKDFORECAST","TOT","IDX2015","Q","2018-Q2",1.01014245500237,
"SWE","GDPHRWKDFORECAST","TOT","IDX2015","Q","2018-Q3",1.0050744454709,
"SWE","GDPHRWKDFORECAST","TOT","IDX2015","Q","2018-Q4",1.01308236672791,
"SWE","GDPHRWKDFORECAST","TOT","IDX2015","Q","2019-Q1",1.01470319988137,
"SWE","GDPHRWKDFORECAST","TOT","IDX2015","Q","2019-Q2",1.01635439460454,
"SWE","GDPHRWKDFORECAST","TOT","IDX2015","Q","2019-Q3",1.01895504210694,
"SWE","GDPHRWKDFORECAST","TOT","IDX2015","Q","2019-Q4",1.01588963934525,
"SWE","GDPHRWKDFORECAST","TOT","IDX2015","Q","2020-Q1",1.01595065147677,
"SWE","GDPHRWKDFORECAST","TOT","IDX2015","Q","2020-Q2",0.958158616303772,
"SWE","GDPHRWKDFORECAST","TOT","IDX2015","Q","2020-Q3",1.01491132029735,
"SWE","GDPHRWKDFORECAST","TOT","IDX2015","Q","2020-Q4",1.00788835731024,
"SWE","GDPHRWKDFORECAST","TOT","IDX2015","Q","2021-Q1",1.01797527734125,
"SWE","GDPHRWKDFORECAST","TOT","IDX2015","Q","2021-Q2",1.0145694411885,
"SWE","GDPHRWKDFORECAST","TOT","IDX2015","Q","2021-Q3",1.02126218238181,
"SWE","GDPHRWKDFORECAST","TOT","IDX2015","Q","2021-Q4",1.02866011236569,
"GBR","GDPHRWKDFORECAST","TOT","IDX2015","Q","2015-Q1",0.994968577055985,
"GBR","GDPHRWKDFORECAST","TOT","IDX2015","Q","2015-Q2",1.00388087283539,
"GBR","GDPHRWKDFORECAST","TOT","IDX2015","Q","2015-Q3",1.00059534604875,
"GBR","GDPHRWKDFORECAST","TOT","IDX2015","Q","2015-Q4",1.00055076352534,
"GBR","GDPHRWKDFORECAST","TOT","IDX2015","Q","2016-Q1",1.00152629762624,
"GBR","GDPHRWKDFORECAST","TOT","IDX2015","Q","2016-Q2",1.000514476541,
"GBR","GDPHRWKDFORECAST","TOT","IDX2015","Q","2016-Q3",1.0015836288104,
"GBR","GDPHRWKDFORECAST","TOT","IDX2015","Q","2016-Q4",1.00645250047194,
"GBR","GDPHRWKDFORECAST","TOT","IDX2015","Q","2017-Q1",1.00824773228911,
"GBR","GDPHRWKDFORECAST","TOT","IDX2015","Q","2017-Q2",1.0074483170736,
"GBR","GDPHRWKDFORECAST","TOT","IDX2015","Q","2017-Q3",1.01177705364094,
"GBR","GDPHRWKDFORECAST","TOT","IDX2015","Q","2017-Q4",1.0124952576303,
"GBR","GDPHRWKDFORECAST","TOT","IDX2015","Q","2018-Q1",1.00727335774089,
"GBR","GDPHRWKDFORECAST","TOT","IDX2015","Q","2018-Q2",1.00978499902088,
"GBR","GDPHRWKDFORECAST","TOT","IDX2015","Q","2018-Q3",1.01439859624959,
"GBR","GDPHRWKDFORECAST","TOT","IDX2015","Q","2018-Q4",1.01091569068714,
"GBR","GDPHRWKDFORECAST","TOT","IDX2015","Q","2019-Q1",1.01339088206971,
"GBR","GDPHRWKDFORECAST","TOT","IDX2015","Q","2019-Q2",1.01126754570414,
"GBR","GDPHRWKDFORECAST","TOT","IDX2015","Q","2019-Q3",1.01809610424917,
"GBR","GDPHRWKDFORECAST","TOT","IDX2015","Q","2019-Q4",1.01267555970591,
"GBR","GDPHRWKDFORECAST","TOT","IDX2015","Q","2020-Q1",0.981725557883145,
"GBR","GDPHRWKDFORECAST","TOT","IDX2015","Q","2020-Q2",0.798691541162708,
"GBR","GDPHRWKDFORECAST","TOT","IDX2015","Q","2020-Q3",0.938766397124847,
"GBR","GDPHRWKDFORECAST","TOT","IDX2015","Q","2020-Q4",0.954002246482731,
"GBR","GDPHRWKDFORECAST","TOT","IDX2015","Q","2021-Q1",0.939737290171194,
"GBR","GDPHRWKDFORECAST","TOT","IDX2015","Q","2021-Q2",0.983916465598909,
"GBR","GDPHRWKDFORECAST","TOT","IDX2015","Q","2021-Q3",1.0152663796698,
"GBR","GDPHRWKDFORECAST","TOT","IDX2015","Q","2021-Q4",1.03457845049651,
"USA","GDPHRWKDFORECAST","TOT","IDX2015","Q","2015-Q1",0.999983962435767,
"USA","GDPHRWKDFORECAST","TOT","IDX2015","Q","2015-Q2",1.00017234558483,
"USA","GDPHRWKDFORECAST","TOT","IDX2015","Q","2015-Q3",1.00118991245784,
"USA","GDPHRWKDFORECAST","TOT","IDX2015","Q","2015-Q4",0.99865963224163,
"USA","GDPHRWKDFORECAST","TOT","IDX2015","Q","2016-Q1",0.99888313447925,
"USA","GDPHRWKDFORECAST","TOT","IDX2015","Q","2016-Q2",0.99748597443623,
"USA","GDPHRWKDFORECAST","TOT","IDX2015","Q","2016-Q3",0.999794216969246,
"USA","GDPHRWKDFORECAST","TOT","IDX2015","Q","2016-Q4",1.00306420784297,
"USA","GDPHRWKDFORECAST","TOT","IDX2015","Q","2017-Q1",1.00494024009441,
"USA","GDPHRWKDFORECAST","TOT","IDX2015","Q","2017-Q2",1.00535584865337,
"USA","GDPHRWKDFORECAST","TOT","IDX2015","Q","2017-Q3",1.01048576833262,
"USA","GDPHRWKDFORECAST","TOT","IDX2015","Q","2017-Q4",1.01390413843323,
"USA","GDPHRWKDFORECAST","TOT","IDX2015","Q","2018-Q1",1.01966680808009,
"USA","GDPHRWKDFORECAST","TOT","IDX2015","Q","2018-Q2",1.02309696806524,
"USA","GDPHRWKDFORECAST","TOT","IDX2015","Q","2018-Q3",1.0244086127699,
"USA","GDPHRWKDFORECAST","TOT","IDX2015","Q","2018-Q4",1.02391320994134,
"USA","GDPHRWKDFORECAST","TOT","IDX2015","Q","2019-Q1",1.02994098209865,
"USA","GDPHRWKDFORECAST","TOT","IDX2015","Q","2019-Q2",1.03253121508892,
"USA","GDPHRWKDFORECAST","TOT","IDX2015","Q","2019-Q3",1.03357859948219,
"USA","GDPHRWKDFORECAST","TOT","IDX2015","Q","2019-Q4",1.03575829906131,
"USA","GDPHRWKDFORECAST","TOT","IDX2015","Q","2020-Q1",1.0224880129276,
"USA","GDPHRWKDFORECAST","TOT","IDX2015","Q","2020-Q2",1.0546447611993,
"USA","GDPHRWKDFORECAST","TOT","IDX2015","Q","2020-Q3",1.07487562143589,
"USA","GDPHRWKDFORECAST","TOT","IDX2015","Q","2020-Q4",1.07252382346303,
"USA","GDPHRWKDFORECAST","TOT","IDX2015","Q","2021-Q1",1.0829768028936,
"USA","GDPHRWKDFORECAST","TOT","IDX2015","Q","2021-Q2",1.09006344085331,
"USA","GDPHRWKDFORECAST","TOT","IDX2015","Q","2021-Q3",1.10405318197953,
"USA","GDPHRWKDFORECAST","TOT","IDX2015","Q","2021-Q4",1.1088358862384,
"COL","GDPHRWKDFORECAST","TOT","IDX2015","Q","2015-Q1",0.995686244880231,
"COL","GDPHRWKDFORECAST","TOT","IDX2015","Q","2015-Q2",0.998646206171455,
"COL","GDPHRWKDFORECAST","TOT","IDX2015","Q","2015-Q3",1.01097324531436,
"COL","GDPHRWKDFORECAST","TOT","IDX2015","Q","2015-Q4",0.994735016919218,
"COL","GDPHRWKDFORECAST","TOT","IDX2015","Q","2016-Q1",1.00877130676272,
"COL","GDPHRWKDFORECAST","TOT","IDX2015","Q","2016-Q2",1.01414890352575,
"COL","GDPHRWKDFORECAST","TOT","IDX2015","Q","2016-Q3",1.018498188298,
"COL","GDPHRWKDFORECAST","TOT","IDX2015","Q","2016-Q4",1.01645034634189,
"COL","GDPHRWKDFORECAST","TOT","IDX2015","Q","2017-Q1",1.01255343799052,
"COL","GDPHRWKDFORECAST","TOT","IDX2015","Q","2017-Q2",1.01026056619382,
"COL","GDPHRWKDFORECAST","TOT","IDX2015","Q","2017-Q3",1.02052787434721,
"COL","GDPHRWKDFORECAST","TOT","IDX2015","Q","2017-Q4",1.02816092744576,
"COL","GDPHRWKDFORECAST","TOT","IDX2015","Q","2018-Q1",1.031934309571,
"COL","GDPHRWKDFORECAST","TOT","IDX2015","Q","2018-Q2",1.03147285490255,
"COL","GDPHRWKDFORECAST","TOT","IDX2015","Q","2018-Q3",1.03799428058711,
"COL","GDPHRWKDFORECAST","TOT","IDX2015","Q","2018-Q4",1.0607559156155,
"COL","GDPHRWKDFORECAST","TOT","IDX2015","Q","2019-Q1",1.05765688133193,
"COL","GDPHRWKDFORECAST","TOT","IDX2015","Q","2019-Q2",1.08442113272849,
"COL","GDPHRWKDFORECAST","TOT","IDX2015","Q","2019-Q3",1.09112790794673,
"COL","GDPHRWKDFORECAST","TOT","IDX2015","Q","2019-Q4",1.09838091632638,
"COL","GDPHRWKDFORECAST","TOT","IDX2015","Q","2020-Q1",1.08705928045087,
"COL","GDPHRWKDFORECAST","TOT","IDX2015","Q","2020-Q2",1.171644770011,
"COL","GDPHRWKDFORECAST","TOT","IDX2015","Q","2020-Q3",1.15047648853617,
"COL","GDPHRWKDFORECAST","TOT","IDX2015","Q","2020-Q4",1.13489781393425,
"COL","GDPHRWKDFORECAST","TOT","IDX2015","Q","2021-Q1",1.15503560716036,
"COL","GDPHRWKDFORECAST","TOT","IDX2015","Q","2021-Q2",1.1296149547666,
"COL","GDPHRWKDFORECAST","TOT","IDX2015","Q","2021-Q3",1.13691961402244,
"COL","GDPHRWKDFORECAST","TOT","IDX2015","Q","2021-Q4",1.14131652799892,
"EST","GDPHRWKDFORECAST","TOT","IDX2015","Q","2015-Q1",0.993271485072062,
"EST","GDPHRWKDFORECAST","TOT","IDX2015","Q","2015-Q2",1.00283402373333,
"EST","GDPHRWKDFORECAST","TOT","IDX2015","Q","2015-Q3",0.990058589106596,
"EST","GDPHRWKDFORECAST","TOT","IDX2015","Q","2015-Q4",1.01405288120531,
"EST","GDPHRWKDFORECAST","TOT","IDX2015","Q","2016-Q1",1.02504314796772,
"EST","GDPHRWKDFORECAST","TOT","IDX2015","Q","2016-Q2",1.00349878020343,
"EST","GDPHRWKDFORECAST","TOT","IDX2015","Q","2016-Q3",1.02580521575676,
"EST","GDPHRWKDFORECAST","TOT","IDX2015","Q","2016-Q4",1.05965246603787,
"EST","GDPHRWKDFORECAST","TOT","IDX2015","Q","2017-Q1",1.04438405201522,
"EST","GDPHRWKDFORECAST","TOT","IDX2015","Q","2017-Q2",1.06145532130976,
"EST","GDPHRWKDFORECAST","TOT","IDX2015","Q","2017-Q3",1.05203608030473,
"EST","GDPHRWKDFORECAST","TOT","IDX2015","Q","2017-Q4",1.05845067136352,
"EST","GDPHRWKDFORECAST","TOT","IDX2015","Q","2018-Q1",1.08275279131598,
"EST","GDPHRWKDFORECAST","TOT","IDX2015","Q","2018-Q2",1.07630988853138,
"EST","GDPHRWKDFORECAST","TOT","IDX2015","Q","2018-Q3",1.09293127142542,
"EST","GDPHRWKDFORECAST","TOT","IDX2015","Q","2018-Q4",1.09120759615983,
"EST","GDPHRWKDFORECAST","TOT","IDX2015","Q","2019-Q1",1.1231934922283,
"EST","GDPHRWKDFORECAST","TOT","IDX2015","Q","2019-Q2",1.1290698577563,
"EST","GDPHRWKDFORECAST","TOT","IDX2015","Q","2019-Q3",1.12317351385528,
"EST","GDPHRWKDFORECAST","TOT","IDX2015","Q","2019-Q4",1.11560172396831,
"EST","GDPHRWKDFORECAST","TOT","IDX2015","Q","2020-Q1",1.10816988428524,
"EST","GDPHRWKDFORECAST","TOT","IDX2015","Q","2020-Q2",1.10662642971554,
"EST","GDPHRWKDFORECAST","TOT","IDX2015","Q","2020-Q3",1.13706568501098,
"EST","GDPHRWKDFORECAST","TOT","IDX2015","Q","2020-Q4",1.13940739159507,
"EST","GDPHRWKDFORECAST","TOT","IDX2015","Q","2021-Q1",1.16671780960287,
"EST","GDPHRWKDFORECAST","TOT","IDX2015","Q","2021-Q2",1.16731414473478,
"EST","GDPHRWKDFORECAST","TOT","IDX2015","Q","2021-Q3",1.16479234417977,
"EST","GDPHRWKDFORECAST","TOT","IDX2015","Q","2021-Q4",1.16376753265279,
"ISR","GDPHRWKDFORECAST","TOT","IDX2015","Q","2015-Q1",1.00939980092897,
"ISR","GDPHRWKDFORECAST","TOT","IDX2015","Q","2015-Q2",0.997269790305029,
"ISR","GDPHRWKDFORECAST","TOT","IDX2015","Q","2015-Q3",0.993920859444636,
"ISR","GDPHRWKDFORECAST","TOT","IDX2015","Q","2015-Q4",0.999553819047368,
"ISR","GDPHRWKDFORECAST","TOT","IDX2015","Q","2016-Q1",1.00524800793655,
"ISR","GDPHRWKDFORECAST","TOT","IDX2015","Q","2016-Q2",1.01355230281374,
"ISR","GDPHRWKDFORECAST","TOT","IDX2015","Q","2016-Q3",1.01873724580958,
"ISR","GDPHRWKDFORECAST","TOT","IDX2015","Q","2016-Q4",1.02034047180544,
"ISR","GDPHRWKDFORECAST","TOT","IDX2015","Q","2017-Q1",1.01407945514641,
"ISR","GDPHRWKDFORECAST","TOT","IDX2015","Q","2017-Q2",1.02389433119565,
"ISR","GDPHRWKDFORECAST","TOT","IDX2015","Q","2017-Q3",1.0291745081334,
"ISR","GDPHRWKDFORECAST","TOT","IDX2015","Q","2017-Q4",1.03617680723315,
"ISR","GDPHRWKDFORECAST","TOT","IDX2015","Q","2018-Q1",1.04575833043521,
"ISR","GDPHRWKDFORECAST","TOT","IDX2015","Q","2018-Q2",1.03843943054718,
"ISR","GDPHRWKDFORECAST","TOT","IDX2015","Q","2018-Q3",1.04452563870491,
"ISR","GDPHRWKDFORECAST","TOT","IDX2015","Q","2018-Q4",1.04924440567327,
"ISR","GDPHRWKDFORECAST","TOT","IDX2015","Q","2019-Q1",1.05450983218149,
"ISR","GDPHRWKDFORECAST","TOT","IDX2015","Q","2019-Q2",1.05459642944711,
"ISR","GDPHRWKDFORECAST","TOT","IDX2015","Q","2019-Q3",1.06288790316884,
"ISR","GDPHRWKDFORECAST","TOT","IDX2015","Q","2019-Q4",1.0768042849069,
"ISR","GDPHRWKDFORECAST","TOT","IDX2015","Q","2020-Q1",1.05877301980109,
"ISR","GDPHRWKDFORECAST","TOT","IDX2015","Q","2020-Q2",0.99015627317031,
"ISR","GDPHRWKDFORECAST","TOT","IDX2015","Q","2020-Q3",1.07818458073053,
"ISR","GDPHRWKDFORECAST","TOT","IDX2015","Q","2020-Q4",1.09512966389776,
"ISR","GDPHRWKDFORECAST","TOT","IDX2015","Q","2021-Q1",1.0928654716318,
"ISR","GDPHRWKDFORECAST","TOT","IDX2015","Q","2021-Q2",1.13046883565347,
"ISR","GDPHRWKDFORECAST","TOT","IDX2015","Q","2021-Q3",1.14160364907632,
"ISR","GDPHRWKDFORECAST","TOT","IDX2015","Q","2021-Q4",1.14752976405341,
"LTU","GDPHRWKDFORECAST","TOT","IDX2015","Q","2015-Q1",0.996336022833817,
"LTU","GDPHRWKDFORECAST","TOT","IDX2015","Q","2015-Q2",1.00259250320145,
"LTU","GDPHRWKDFORECAST","TOT","IDX2015","Q","2015-Q3",1.00164630926371,
"LTU","GDPHRWKDFORECAST","TOT","IDX2015","Q","2015-Q4",0.999420584408195,
"LTU","GDPHRWKDFORECAST","TOT","IDX2015","Q","2016-Q1",0.991138472839103,
"LTU","GDPHRWKDFORECAST","TOT","IDX2015","Q","2016-Q2",0.993895878821908,
"LTU","GDPHRWKDFORECAST","TOT","IDX2015","Q","2016-Q3",1.00999121829352,
"LTU","GDPHRWKDFORECAST","TOT","IDX2015","Q","2016-Q4",1.01771890452528,
"LTU","GDPHRWKDFORECAST","TOT","IDX2015","Q","2017-Q1",1.03504486266592,
"LTU","GDPHRWKDFORECAST","TOT","IDX2015","Q","2017-Q2",1.04516609377928,
"LTU","GDPHRWKDFORECAST","TOT","IDX2015","Q","2017-Q3",1.06168760799475,
"LTU","GDPHRWKDFORECAST","TOT","IDX2015","Q","2017-Q4",1.06895337957505,
"LTU","GDPHRWKDFORECAST","TOT","IDX2015","Q","2018-Q1",1.07487070012487,
"LTU","GDPHRWKDFORECAST","TOT","IDX2015","Q","2018-Q2",1.08366563600074,
"LTU","GDPHRWKDFORECAST","TOT","IDX2015","Q","2018-Q3",1.06418165980541,
"LTU","GDPHRWKDFORECAST","TOT","IDX2015","Q","2018-Q4",1.094851036598,
"LTU","GDPHRWKDFORECAST","TOT","IDX2015","Q","2019-Q1",1.10033588109561,
"LTU","GDPHRWKDFORECAST","TOT","IDX2015","Q","2019-Q2",1.11248481035033,
"LTU","GDPHRWKDFORECAST","TOT","IDX2015","Q","2019-Q3",1.13232804522455,
"LTU","GDPHRWKDFORECAST","TOT","IDX2015","Q","2019-Q4",1.13939349336934,
"LTU","GDPHRWKDFORECAST","TOT","IDX2015","Q","2020-Q1",1.12826991026767,
"LTU","GDPHRWKDFORECAST","TOT","IDX2015","Q","2020-Q2",1.08042122516289,
"LTU","GDPHRWKDFORECAST","TOT","IDX2015","Q","2020-Q3",1.16069717112162,
"LTU","GDPHRWKDFORECAST","TOT","IDX2015","Q","2020-Q4",1.15127638112533,
"LTU","GDPHRWKDFORECAST","TOT","IDX2015","Q","2021-Q1",1.16875233218351,
"LTU","GDPHRWKDFORECAST","TOT","IDX2015","Q","2021-Q2",1.16758665565497,
"LTU","GDPHRWKDFORECAST","TOT","IDX2015","Q","2021-Q3",1.16855120787886,
"LTU","GDPHRWKDFORECAST","TOT","IDX2015","Q","2021-Q4",1.17656319262974,
"EA17","GDPHRWKDFORECAST","TOT","IDX2015","Q","2015-Q1",0.998262323056266,
"EA17","GDPHRWKDFORECAST","TOT","IDX2015","Q","2015-Q2",0.999768849172639,
"EA17","GDPHRWKDFORECAST","TOT","IDX2015","Q","2015-Q3",1.00011806764714,
"EA17","GDPHRWKDFORECAST","TOT","IDX2015","Q","2015-Q4",1.00185076012395,
"EA17","GDPHRWKDFORECAST","TOT","IDX2015","Q","2016-Q1",1.00464413615333,
"EA17","GDPHRWKDFORECAST","TOT","IDX2015","Q","2016-Q2",1.00231478453759,
"EA17","GDPHRWKDFORECAST","TOT","IDX2015","Q","2016-Q3",1.00397616898213,
"EA17","GDPHRWKDFORECAST","TOT","IDX2015","Q","2016-Q4",1.00784242191679,
"EA17","GDPHRWKDFORECAST","TOT","IDX2015","Q","2017-Q1",1.01130776155815,
"EA17","GDPHRWKDFORECAST","TOT","IDX2015","Q","2017-Q2",1.01412526963875,
"EA17","GDPHRWKDFORECAST","TOT","IDX2015","Q","2017-Q3",1.01715623060651,
"EA17","GDPHRWKDFORECAST","TOT","IDX2015","Q","2017-Q4",1.02205725727295,
"EA17","GDPHRWKDFORECAST","TOT","IDX2015","Q","2018-Q1",1.01982603659984,
"EA17","GDPHRWKDFORECAST","TOT","IDX2015","Q","2018-Q2",1.01905201263302,
"EA17","GDPHRWKDFORECAST","TOT","IDX2015","Q","2018-Q3",1.01795535666013,
"EA17","GDPHRWKDFORECAST","TOT","IDX2015","Q","2018-Q4",1.02055918893477,
"EA17","GDPHRWKDFORECAST","TOT","IDX2015","Q","2019-Q1",1.02171773514418,
"EA17","GDPHRWKDFORECAST","TOT","IDX2015","Q","2019-Q2",1.01940527638326,
"EA17","GDPHRWKDFORECAST","TOT","IDX2015","Q","2019-Q3",1.02076819315037,
"EA17","GDPHRWKDFORECAST","TOT","IDX2015","Q","2019-Q4",1.01965788321706,
"EA17","GDPHRWKDFORECAST","TOT","IDX2015","Q","2020-Q1",0.983399903971376,
"EA17","GDPHRWKDFORECAST","TOT","IDX2015","Q","2020-Q2",0.89342321405755,
"EA17","GDPHRWKDFORECAST","TOT","IDX2015","Q","2020-Q3",0.996438096373514,
"EA17","GDPHRWKDFORECAST","TOT","IDX2015","Q","2020-Q4",0.988142221308962,
"EA17","GDPHRWKDFORECAST","TOT","IDX2015","Q","2021-Q1",0.98195473888034,
"EA17","GDPHRWKDFORECAST","TOT","IDX2015","Q","2021-Q2",0.993921727364093,
"EA17","GDPHRWKDFORECAST","TOT","IDX2015","Q","2021-Q3",1.01744057231816,
"EA17","GDPHRWKDFORECAST","TOT","IDX2015","Q","2021-Q4",1.03058603422575,
"OECD","GDPHRWKDFORECAST","TOT","IDX2015","Q","2015-Q1",0.997365908567069,
"OECD","GDPHRWKDFORECAST","TOT","IDX2015","Q","2015-Q2",1.00006233122082,
"OECD","GDPHRWKDFORECAST","TOT","IDX2015","Q","2015-Q3",1.00222313242817,
"OECD","GDPHRWKDFORECAST","TOT","IDX2015","Q","2015-Q4",1.00034862778394,
"OECD","GDPHRWKDFORECAST","TOT","IDX2015","Q","2016-Q1",1.00359188869539,
"OECD","GDPHRWKDFORECAST","TOT","IDX2015","Q","2016-Q2",1.00350593792373,
"OECD","GDPHRWKDFORECAST","TOT","IDX2015","Q","2016-Q3",1.00340888125445,
"OECD","GDPHRWKDFORECAST","TOT","IDX2015","Q","2016-Q4",1.00925166271268,
"OECD","GDPHRWKDFORECAST","TOT","IDX2015","Q","2017-Q1",1.01190037846975,
"OECD","GDPHRWKDFORECAST","TOT","IDX2015","Q","2017-Q2",1.01403961493077,
"OECD","GDPHRWKDFORECAST","TOT","IDX2015","Q","2017-Q3",1.01719485004968,
"OECD","GDPHRWKDFORECAST","TOT","IDX2015","Q","2017-Q4",1.0217813182588,
"OECD","GDPHRWKDFORECAST","TOT","IDX2015","Q","2018-Q1",1.02301302333536,
"OECD","GDPHRWKDFORECAST","TOT","IDX2015","Q","2018-Q2",1.02355751685877,
"OECD","GDPHRWKDFORECAST","TOT","IDX2015","Q","2018-Q3",1.02327234167654,
"OECD","GDPHRWKDFORECAST","TOT","IDX2015","Q","2018-Q4",1.024186989675,
"OECD","GDPHRWKDFORECAST","TOT","IDX2015","Q","2019-Q1",1.02696303283154,
"OECD","GDPHRWKDFORECAST","TOT","IDX2015","Q","2019-Q2",1.02884036568974,
"OECD","GDPHRWKDFORECAST","TOT","IDX2015","Q","2019-Q3",1.03038419607112,
"OECD","GDPHRWKDFORECAST","TOT","IDX2015","Q","2019-Q4",1.02741012421782,
"OECD","GDPHRWKDFORECAST","TOT","IDX2015","Q","2020-Q1",1.011933555897,
"OECD","GDPHRWKDFORECAST","TOT","IDX2015","Q","2020-Q2",0.979300593273809,
"OECD","GDPHRWKDFORECAST","TOT","IDX2015","Q","2020-Q3",1.03914431310259,
"OECD","GDPHRWKDFORECAST","TOT","IDX2015","Q","2020-Q4",1.03925305461233,
"OECD","GDPHRWKDFORECAST","TOT","IDX2015","Q","2021-Q1",1.03965221449079,
"OECD","GDPHRWKDFORECAST","TOT","IDX2015","Q","2021-Q2",1.04711424409575,
"OECD","GDPHRWKDFORECAST","TOT","IDX2015","Q","2021-Q3",1.06119674323438,
"OECD","GDPHRWKDFORECAST","TOT","IDX2015","Q","2021-Q4",1.06959050845352,
